num	name	east	north	power	magnitude	shape	type	sfi	ohmS	lwi	geol	flow
1	b1	790496	1175071	50	259	W	CP	0.085606148	158.7735849	5	VOLCANO-SEDIM. SCHISTS	0.5
2	b2	791227	1159566	50	204	V	EC	1.074525011	121.3265306	4.1	GRANITES	0.8
3	b3	774610	1136762	60	360	V	EC	0.223917147	0	0	GRANITES	1
4	b4	776778	1128130	30	119	W	NC	0.023768295	128.5896226	3.9	GRANITES	5
5	b5	762550	1144126	30	1077	W	EC	0.525241806		2.3	GEOSYN. GRANITES	1.5
6	b6	749293	1151782	30	71	W	EC	0.679765545	275.0258824	9.2	GEOSYN. GRANITES	2.2
7	b7	752811	1121390	40	235	V	NC	1.1012812	286.0506912	9	GRANITES	1
8	b8	768671	1128365	60	371	C	EC	0.415496707	403.48	13.1	GRANITES	0.5
9	b9	771477	1114667	60	298	V	CP	0.484059676	292.7790698	10.9	GRANITES	0
10	b10	776919	1109937	40	409	C	EC	0.089901107	167.1237624	5.5	GRANITES	1.3
11	b11	793049	1121101	60	113	V	CB2P	0.926122156	0	0	GRANITES	0
12	b12	789626	1135689	70	57	V	EC	1.240538213	0	0	GRANITES	0
13	b13	782081	1063448	70	624	W	EC	0.258365939	121.6479452	3.9	GRANITES	2
14	b14	768821	1067228	40	587	V	NC	0.77576962	222.7130045	7	GRANITES	3.5
15	b15	769843	1050535	50	300	K	CB2P	0.21684608	169.812	5.3	GNEISS-MIGMATITES	0.3
16	b16	790635	1092760	50	300	V	CP	0.21684608	76.09223301	2.5	GRANITES	1
17	b17	790724	1092779	30	274	W	EC	0.325165892	538.2771429	17.3	VOLCANO-SEDIM. SCHISTS	6.7
18	b18	790838	1093058	50	384	V	CP	0.935443346	195.6990826	6.4	GRANITES	0
19	b19	790618	1092974	40	108	V	CP	1.204700442	123.1645161	3.9	GRANITES	0.3
20	b20	790594	1092865	70	43	V	EC	1.348436187	31	1	GRANITES	0
21	b21	790194	1093026	40	121	W	EC	0.385694608	178.9512195	5.8	VOLCANO-SEDIM. SCHISTS	3.6
22	b22	790207	1093044	20	214	V	CP	0.786408476	187.5358974	6.1	GRANITES	1.8
23	b23	790635	1092760	50	300	V	CP	0.21684608	242.44	7.6	VOLCANO-SEDIM. SCHISTS	1
24	b24	790724	1092789	30	274	V	CP	0.325165892	438	0	VOLCANO-SEDIM. SCHISTS	8
25	b25	790232	1093057	50	113	V	NC	1.20145577	1885	2.5	VOLCANO-SEDIM. SCHISTS	8.4
26	b26	790838	1093058	50	384	U	EC	0.935443346	598.1828025	19.1	GNEISS-MIGMATITES	1.2
27	b27	790618	1092974	40	108	V	CP	1.204700442	371.5824176	11.6	GNEISS-MIGMATITES	1.5
28	b28	790594	1092865	70	43	V	EC	1.348436187	162.7432258	5.2	GNEISS-MIGMATITES	0.3
29	b29	790194	1093026	40	121	W	EC	0.385694608		10.9	GNEISS-MIGMATITES	1.5
30	b30	790207	1093044	20	214	U	EC	0.786408476	134.6957746	4.2	GRANITES	9.9
31	b31	790353	1093052	30	150	W	EC	1.084230398	608.3888199	19.4	GEOSYN. GRANITES	1.6
32	b32	790249	1093099	30	122	W	EC	0.220246374	177.1956522	5.7	GEOSYN. GRANITES	1.2
33	b33	790187	1093022	40	113	U	NC	0.85103117	318.5275168	10.2	VOLCANO-SEDIM. SCHISTS	1
34	b34	790635	1092760	50	300	V	CP	0.21684608	91.38461538	3	VOLCANO-SEDIM. SCHISTS	1
35	b35	790723	1092789	30	274	V	CP	0.325165892	267.6235294	8.8	VOLCANO-SEDIM. SCHISTS	2.2
36	b36	790232	1093057	50	113	V	CB2P	1.20145577	251.8345946	7.8	VOLCANO-SEDIM. SCHISTS	1.5
37	b37	790838	1093058	50	384	V	CP	0.935443346	158.1655738	4.9	GRANITES	0
38	b38	790618	1092974	40	108	V	NC	1.204700442	231.84	7.2	VOLCANO-SEDIM. SCHISTS	0.6
39	b39	790594	1092865	70	43	V	CP	1.348436187	386.9306122	12.4	GRANITES	1.1
40	b40	790194	1093026	40	121	V	CP	0.385694608	327.6428571	10.5	GEOSYN. GRANITES	1
41	b41	790207	1093044	20	214	V	CP	0.786408476	0	0	GEOSYN. GRANITES	0
42	b42	790234	1093062	50	96	W	EC	0.780763738	0	0	GRANITES	1.1
43	b43	790249	1093099	30	122	W	EC	0.220246374		17	GRANITES	1.2
44	b44	790187	1093022	40	113	W	EC	0.85103117	86.69294118	2.9	GRANITES	1
45	b45	768523	1058801	60	171	V	EC	0.645079871	0	0	GRANITES	1
46	b46	778773	1052761	40	60	W	CB2P	0.047140452	98.56	3.2	GNEISS-MIGMATITES	2
47	b47	780693	1056951	40	40	K	EC	0.813172798	217.5697674	8.1	GEOSYN. GRANITES	0.4
48	b48	772179	1051222	70	366	W	EC	0.614371466	6.133663366	5.9	GEOSYN. GRANITES	1
49	b49	767846	1048358	80	123	U	EC	0.712855617	384.6239075	11.9	GEOSYN. GRANITES	3.6
50	b50	767410	1046417	50	255	W	EC	0.598961038	37.14883212	10.1	GEOSYN. GRANITES	10
51	b51	765167	1045059	40	301	K	EC	1.376626491	0	0	GEOSYN. GRANITES	0.2
52	b52	766521	1044621	60	149	V	EC	1.262351703	0	0	GEOSYN. GRANITES	0.3
53	b53	764616	1059519	30	85	K	EC	0.865165944	0.498181818	13.7	VOLCANO-SEDIM. SCHISTS	2
54	b54	753618	1088071	70	202	V	CB2P	0.084012687	200.8834951	6.6	GRANITES	0.4
55	b55	783893	1070546	90	43	U	EC	1.249770125	155.5714286	5	GNEISS-MIGMATITES	0.3
56	b56	774537	1077783	50	53	U	EC	0.400249121	220.1614679	7.2	GRANITES	2
57	b57	769170	1073270	60	35	W	EC	0.404061018	309.4903226	9.8	GRANITES	1.8
58	b58	780856	1075295	30	22	W	EC	1.221366258	0	0	GRANITES	0.3
59	b59	782305	1062182	40	177	V	NC	1.358284212	0	0	GRANITES	0.6
60	b60	783921	1106934	40	24	V	CB2P	1.237436867	298.2128205	9.7	GRANITES	0.7
61	b61	785081	1112014	50	126	V	EC	0.897913373	185.02	5.8	GEOSYN. GRANITES	10
62	b62	783621	1106932	20	41	K	CP	1.172762466	211.3404255	7	VOLCANO-SEDIM. SCHISTS	3.5
63	b63	778659	1108086	20	41	V	CP	1.172762466	277.2	9	GRANITES	7
64	b64	775508	1108062	80	47	C	NC	0.722151606	281.866242	9	GRANITES	0.7
65	b65	768787	1103836	30	25	K	CP	1.414213562	390.8021978	12.2	GRANITES	1.2
66	b66	775966	1107022	80	47	V	EC	0.722151606	143.9651613	4.6	GRANITES	8
67	b67	769998	1102503	30	25	V	CP	1.414213562		3.9	VOLCANO-SEDIM. SCHISTS	1
68	b68	749329	1054644	50	51	V	EC	1.025998075	388.0521127	12.1	GNEISS-MIGMATITES	0.7
69	b69	776019	1080180	60	57	V	EC	0.272918407	210.1136646	6.7	VOLCANO-SEDIM. SCHISTS	0.9
70	b70	777617	1107034	80	474	U	EC	0.468420948	177.1956522	5.7	GRANITES	4
71	b71	770916	1100124	40	172	C	NC	0.567329859	153.0181208	4.9	GRANITES	4.4
72	b72	770983	1091028	30	122	V	NC	0.278205947	216.2769231	7.1	GRANITES	10
73	b73	767215	1052082	40	172	V	CP	0.567329859	194.6352941	6.4	VOLCANO-SEDIM. SCHISTS	5
74	b74	742850	1058180	30	122	V	CP	0.278205947	471.3827027	14.6	GEOSYN. GRANITES	2.7
75	b75	748076	1085051	80	474	V	CP	0.468420948	74.24098361	2.3	GNEISS-MIGMATITES	0.3
76	b76	754115	1079576	40	1171	C	NC	0.515686756	209.3	6.5	GRANITES	8
77	b77	749329	1054644	30	1381	V	CB2P	0.88273142	464.0625	15	GRANITES	1
78	b78	776019	1080180	50	1823	K	NC	1.051157091	537.5026178	17	GEOSYN. GRANITES	8
79	b79	752506	1050938	50	38	V	NC	0.372161464	0	0	GRANITES	0
80	b80	755511	1050809	50	40	C	CP	1.096015511	212.8180645	6.8	GEOSYN. GRANITES	1.2
81	b81	750719	1048689	50	38	V	CB2P	0.372161464	0	0	GRANITES	0
82	b82	775379	1023509	50	40	V	CP	1.096015511	0	0	VOLCANO-SEDIM. SCHISTS	1.4
83	b83	758929	1037263	40	1171	V	EC	0.515686756	0	0	GRANITES	0.2
84	b84	767642	1035533	30	1381	W	CB2P	0.88273142	494.1416185	15.7	VOLCANO-SEDIM. SCHISTS	1
85	b85	772298	1034820	50	1823	W	CB2P	1.051157091	348.2010309	11.5	VOLCANO-SEDIM. SCHISTS	2
86	b86	779349	1035020	20	13	V	CP	0.326356976	202.6655172	6.5	GEOSYN. GRANITES	2.7
87	b87	782508	1065241	70	37	V	CB2P	1.146659645	268.142069	8.6	GRANITES	2.5
88	b88	760026	1061351	20	25	W	NC	0.45254834	225.4169184	7	GRANITES	0.8
89	b89	778518	1087356	70	47	U	NC	0.752241257	226.9810056	7.2	GRANITES	0.6
90	b90	771278	1071794	70	47	W	EC	0.752241257	337.3514851	10.5	GRANITES	1
91	b91	780328	1105713	20	13	V	CP	0.326356976	438.0514286	13.8	GEOSYN. GRANITES	2
92	b92	778163	1144097	70	37	V	CB2P	1.146659645	326.1176471	10.5	GEOSYN. GRANITES	1
93	b93	774362	1111110	20	25	V	NC	0.45254834		14.8	GRANITES	1.5
94	b94	774051	1151223	50	300	V	CP	0.21684608	660.8130435	20.5	GRANITES	10
95	b95	761205	1163351	50	113	V	CB2P	1.20145577	196.1142857	6.4	GRANITES	2.4
96	b96	790724	1092789.5	30	274	V	CP	0.325165892	270.248	8.3	GRANITES	2.5
97	b97	790838	1093058	50	384	V	CP	0.935443346	197.5741935	6.4	GRANITES	1
98	b98	790618	1092974	40	108	V	CP	1.204700442	239.0422222	7.7	GRANITES	10.8
99	b99	790594	1092865	70	43	V	CP	1.348436187	289.4783784	9.1	VOLCANO-SEDIM. SCHISTS	1
100	b100	790194	1093026	40	121	V	CP	0.385694608		15	GRANITES	0
101	b101	790207	1093044	20	214	V	CP	0.786408476	188.0377358	6	GEOSYN. GRANITES	1
102	b102	790353	1093052	30	150	W	EC	1.084230398	296.3093023	9.9	VOLCANO-SEDIM. SCHISTS	2
103	b103	790249	1093099	30	122	V	NC	0.220246374	387.96	12.2	GRANITES	10
104	b104	790187	1093022	40	113	V	CP	0.85103117	257.4	9	GRANITES	2
105	b105	790635	1092760	50	300	V	CP	0.21684608	286.1067961	9.4	GRANITES	1
106	b106	790724	1092789.5	30	274	V	CP	0.325165892	144.1262389	16.2	GRANITES	1.6
107	b107	790232	1093057	50	113	V	CB2P	1.20145577	449.0538462	14.5	GRANITES	1
108	b108	790838	1093058	50	384	V	CP	0.935443346	281.0536913	9	GEOSYN. GRANITES	10
109	b109	790618	1092974	40	108	V	CP	1.204700442	163.616129	5.3	GRANITES	10
110	b110	790594	1092865	70	43	V	CP	1.348436187	69.46054054	2.2	GRANITES	3.5
111	b111	790194	1093026	40	121	V	CP	0.385694608	294.1981132	10.5	GRANITES	10
112	b112	790207	1093044	20	214	V	CP	0.786408476	459.6939759	14.1	GRANITES	7.5
113	b113	790353	1093052	30	150	V	NC	1.084230398	120.208	9.6	GRANITES	2.5
114	b114	790249	1093099	30	122	V	NC	0.220246374	140.052	1.5	GRANITES	8.2
115	b115	790187	1093022	40	113	V	CP	0.85103117		0	GRANITES	0
116	b116	755914	1116108	60	86	V	EC	1.134659719	179.74	5.7	GRANITES	1
117	b117	755860	1115670	40	23	U	NC	0.922313193	199.584	6.3	GRANITES	1
118	b118	755914	1116108	60	86	V	CB2P	1.134659719	89.2137931	2.8	GRANITES	0.3
119	b119	755860	1115670	40	23	V	NC	0.922313193	0	0	GRANITES	0
120	b120	774794	1152124	40	84	V	CP	1.245854805	118.4139623	3.7	GRANITES	0.3
121	b121	760773	1160962	40	84	V	NC	1.245854805	215.6364238	6.9	GRANITES	3.6
122	b122	756473	1154220	100	413	W	EC	0.085606148	132.44	4.2	VOLCANO-SEDIM. SCHISTS	1
123	b123	759752	1136947	70	176	V	CP	0.409800521	321.527027	10.5	GRANITES	1
124	b124	790635	1092760	50	300	V	CP	0.21684608	232.5714286	7.4	GRANITES	1
125	b125	790724	1092789.5	30	274	V	CP	0.325165892	264.528	8.4	GRANITES	0
126	b126	790838	1093058	50	384	V	CP	0.935443346	148.896	4.7	GRANITES	2.5
127	b127	790618	1092974	40	108	V	CP	1.204700442	198.3945578	4.6	GRANITES	2.3
128	b128	790594	1092865	70	43	V	EC	1.348436187	343.2653061	11.6	GRANITES	1.2
129	b129	790194	1093026	40	121	W	EC	0.385694608	876.7741935	15.1	VOLCANO-SEDIM. SCHISTS	3.1
130	b130	790207	1093044	20	214	V	CP	0.786408476	375.8773585	11.4	GEOSYN. GRANITES	5
131	b131	790635	1092760	50	300	V	CP	0.21684608		6.1	GEOSYN. GRANITES	1.3
132	b132	790724	1092789.5	30	274	V	CP	0.325165892	0	0	GRANITES	0
133	b133	790838	1093058	50	384	V	CP	0.935443346	0	0	GRANITES	0
134	b134	790618	1092974	40	108	V	CP	1.204700442	169.4	5.5	GRANITES	0.4
135	b135	790594	1092865	70	43	V	CP	1.348436187	177.2790698	6.6	GRANITES	1
136	b136	790194	1093026	40	121	V	CP	0.385694608	66.84950495	2.2	GRANITES	2
137	b137	790207	1093044	20	214	V	CP	0.786408476	0	0	GRANITES	1
138	b138	774798	1151676	40	146	K	CP	1.278604043	294.7357664	9.2	GRANITES	0.4
139	b139	793808	1157500	40	81	K	CP	0.872971335	324.3945205	10.4	GRANITES	1
140	b140	794272	1173314	20	14	W	NC	1.212183053	209.9865471	6.6	VOLCANO-SEDIM. SCHISTS	1
141	b141	769958	1137173	40	146	V	CP	1.278604043	259.524	8.1	GNEISS-MIGMATITES	1
142	b142	764896	1131618	40	81	V	NC	0.872971335	602.6504854	19.8	GRANITES	0.2
143	b143	765096	1124909	20	14	V	CP	1.212183053		5.9	GNEISS-MIGMATITES	0.4
144	b144	760779	1119807	50	152	V	CP	1.163004574	272.1440367	8.9	GRANITES	0
145	b145	760506	1116077	30	19	V	NC	0.852713178		5.9	GRANITES	0
146	b146	763063	1054784	50	152	V	CP	1.163004574	207.7	6.7	GRANITES	0
147	b147	769302	1055036	30	19	C	CP	0.852713178	259.1707317	8.4	GNEISS-MIGMATITES	0.7
148	b148	749534	1061331	30	19	V	CP	1.042052099	282.8410256	9.2	GEOSYN. GRANITES	5
149	b149	773470	1059889	60	37	V	EC	1.070215669	0	0	GRANITES	1
150	b150	775487	1054834	30	19	V	CP	1.042052099	108.6893617	3.6	GRANITES	0
151	b151	783677	1094704	60	37	V	CB2P	1.070215669	190.96	6.2	GRANITES	1
152	b152	776217	1161953	60	125	V	NC	0.37335238	109.6146497	3.5	GRANITES	2
153	b153	748669	1136769	60	147	U	EC	0.817742536	240.2472527	7.5	GRANITES	1
154	b154	778287	1095277	60	125	V	NC	0.37335238	409.9877419	13.1	GNEISS-MIGMATITES	1.5
155	b155	776515	1051845	60	147	V	CB2P	0.817742536		7.4	GRANITES	3
156	b156	772216	1095833	50	24	U	NC	0.589255651	0	0	GRANITES	0
157	b157	789892	1180154	50	57	C	NC	0.577777778	0	0	GRANITES	0.3
158	b158	760382	1174862	50	24	U	NC	0.589255651	429	13.8	GRANITES	3
159	b159	770648	1042266	50	57	C	NC	0.577777778	562.1073826	18	GRANITES	0.6
160	b160	790635	1092760	50	300	V	CP	0.21684608	307.6615385	10.1	GNEISS-MIGMATITES	0.9
161	b161	790724	1092789.5	30	274	V	CP	0.325165892	188.5529412	6.2	GRANITES	0.9
162	b162	790838	1093058	50	384	V	CP	0.935443346	219.5481081	6.8	GRANITES	0.3
163	b163	790618	1092974	40	108	V	CP	1.204700442	248.5459016	7.7	GRANITES	1.6
164	b164	790594	1092865	70	43	V	CP	1.348436187	247.94	7.7	GRANITES	2.5
165	b165	790194	1093026	40	121	V	CP	0.385694608	168.5020408	5.4	GEOSYN. GRANITES	2.2
166	b166	790207	1093044	20	214	V	CP	0.786408476	90.49183673	2.9	VOLCANO-SEDIM. SCHISTS	1
167	b167	790635	1092760	50	300	K	CB2P	0.21684608	154.3548387	5	GNEISS-MIGMATITES	0.3
168	b168	790724	1092789.5	30	274	V	CP	0.325165892	390.5830189	12.3	GRANITES	1
169	b169	790838	1093058	50	384	V	CP	0.935443346		12.8	GEOSYN. GRANITES	10
170	b170	790618	1092974	40	108	V	CP	1.204700442	0	0	GEOSYN. GRANITES	0
171	b171	790594	1092865	70	43	V	CP	1.348436187	279.6940092	8.8	GRANITES	0.6
172	b172	790194	1093026	40	121	V	CP	0.385694608	255.64	8.3	GRANITES	1
173	b173	790207	1093044	20	214	V	CP	0.786408476	67.15116279	2.5	GRANITES	1
174	b174	794011	1075224	40	214	V	CP	0.945011866	40.75247525	39.2	GRANITES	2
175	b175	750113	1109485	30	644	K	CP	0.38210118	174.5352185	5.4	GRANITES	5.4
176	b176	730100	1084264	40	214	W	CP	0.945011866	30.89605839	8.4	GRANITES	5.4
177	b177	751199	1046065	100	820	U	CP	0.486351493		10	GEOSYN. GRANITES	1
178	b178	778248	1095270	50	91	C	CP	0.947989311	372.2488789	11.7	GNEISS-MIGMATITES	1.3
179	b179	776959	1096122	50	104	V	CP	0.992669135	0.178181818	4.9	GNEISS-MIGMATITES	1.1
180	b180	790880	1097857	50	91	V	CP	0.947989311	109.5728155	3.6	GNEISS-MIGMATITES	0.3
181	b181	779491	1127703	50	104	V	CP	0.992669135	0	0	GRANITES	0
182	b182	782855	1120124	40	32	V	NC	0.486135912	91.73394495	3	GRANITES	1
183	b183	764749	1110889	40	36	V	CB2P	1.217795012	360.0193548	11.4	VOLCANO-SEDIM. SCHISTS	2.2
184	b184	774495	1083300	20	33	V	NC	0.853497539	254.2	8.2	GRANITES	6.8
185	b185	763312	1092911	40	32	V	NC	0.486135912	151.1829268	4.9	GNEISS-MIGMATITES	1.5
186	b186	750028	1103404	40	36	V	CB2P	1.217795012	153.7179487	5	GEOSYN. GRANITES	8
187	b187	796335	1112851	20	33	C	CB2P	0.853497539	143.55	4.5	VOLCANO-SEDIM. SCHISTS	0
188	b188	776645	1116571	50	159	V	NC	0.756026118	374.3744681	12.4	VOLCANO-SEDIM. SCHISTS	1
189	b189	770261	1127259	50	94	C	CP	0.240717202	366.52	11.9	VOLCANO-SEDIM. SCHISTS	0.7
190	b190	764950	1135420	60	341	V	CP	0.344222069	178.5152866	5.7	GNEISS-MIGMATITES	0
191	b191	779649	1116147	50	159	V	CB2P	0.756026118	0	0	GEOSYN. GRANITES	0
192	b192	761337	1096177	50	94	V	CP	0.240717202	0	0	VOLCANO-SEDIM. SCHISTS	0
193	b193	756648	1079593	60	341	V	CP	0.344222069		6.9	GRANITES	10
194	b194	748690	1079390	20	62	V	CP	0.524627612	388.0521127	12.1	GRANITES	2
195	b195	785844	1050875	40	139	V	NC	0.854632656	344.9627329	11	GRANITES	3
196	b196	777836	1057377	40	266	V	NC	0.723056558	167.8695652	5.4	GRANITES	1.2
197	b197	772281	1057337	20	62	V	CP	0.524627612	134.2812081	4.3	GRANITES	1.9
198	b198	769019	1051498	40	139	V	CP	0.854632656	298.5230769	9.8	GRANITES	1.3
199	b199	762364	1058310	40	266	V	NC	0.723056558	0	0	GEOSYN. GRANITES	0
200	b200	755132	1062138	40	126	V	EC	1.06627213	0	0	GEOSYN. GRANITES	0
201	b201	751669	1063754	40	126	V	CP	1.06627213	174.304918	5.4	GRANITES	0.6
202	b202	774964	1080470	50	115	U	NC	0.737850554	0	0	GEOSYN. GRANITES	1
203	b203	743108	1064444	50	115	W	EC	0.737850554	210.375	6.8	GEOSYN. GRANITES	0.9
204	b204	742109	1056386	60	58	V	CP	0.512042842	252.9424084	8	GEOSYN. GRANITES	0
205	b205	759426	1048897	40	161	C	CP	0.421628888		4.9	GRANITES	1
206	b206	755421	1041415	60	58	V	CP	0.512042842	78.24193548	2.5	GRANITES	1
207	b207	744474	1085027	40	161	V	CP	0.421628888	100.6011834	3.2	GRANITES	1
208	b208	792785	1085230	30	46	V	CP	0.184462639	29.7	4.5	VOLCANO-SEDIM. SCHISTS	1
209	b209	788410	1068940	50	48	V	NC	0.736569564	116.4875912	3.6	VOLCANO-SEDIM. SCHISTS	0.3
210	b210	789971	1061197	30	46	V	CP	0.184462639	0	0	VOLCANO-SEDIM. SCHISTS	0
211	b211	766015	1051626	50	48	V	CP	0.736569564	402.7020619	13.3	VOLCANO-SEDIM. SCHISTS	3.9
212	b212	776950	1055432	70	413	V	NC	0.886879692	0	0	GNEISS-MIGMATITES	2.3
213	b213	774807	1081364	40	193	W	EC	0.696115484	411.5668966	13.2	GRANITES	5
214	b214	776908	1081379	40	195	V	NC	0.580190179	351.0063444	10.9	GEOSYN. GRANITES	10
215	b215	757397	1037998	60	394	V	NC	1.198851091	460.2670391	14.6	GEOSYN. GRANITES	4
216	b216	769417	1037633	40	193	U	NC	0.696115484		10.9	GEOSYN. GRANITES	1
217	b217	777166	1046337	40	195	V	CP	0.580190179	241.2457143	7.6	GEOSYN. GRANITES	2.4
218	b218	767101	1046564	30	166	V	CP	0.630432552	537.3176471	17.3	GRANITES	1.4
219	b219	764835	1048486	50	401	C	CP	0.687709837		14.9	GRANITES	0
220	b220	761398	1046077	50	356	V	NC	1.350653402	209.526087	6.5	GRANITES	1.9
221	b221	759393	1053668	30	166	V	CB2P	0.630432552	802.8428571	26.2	GEOSYN. GRANITES	0.4
222	b222	755196	1052596	50	401	V	NC	0.687709837	651.2	20	VOLCANO-SEDIM. SCHISTS	1.6
223	b223	762777	1063681	50	356	V	CB2P	1.350653402	246.9677419	8	GNEISS-MIGMATITES	4
224	b224	770716	1066123	80	255	V	CP	0.277296777	0	0	GRANITES	0
225	b225	769183	1070586	60	1360	C	CP	0.117504509	254.4864865	8	GRANITES	7.8
226	b226	770141	1083417	50	744	C	CP	0.266115455	415.6835294	12.9	GEOSYN. GRANITES	1.5
227	b227	760401	1059937	80	255	V	CP	0.277296777	172.3679245	5.5	GRANITES	6
228	b228	764955	1052811	60	1360	C	NC	0.117504509	281.344186	9.4	GEOSYN. GRANITES	1
229	b229	768352	1060887	50	744	V	CP	0.266115455	0	0	GEOSYN. GRANITES	0
230	b230	765888	1054868	60	87	U	NC	1.072851668	0	0	GEOSYN. GRANITES	0
231	b231	772458	1054530	70	96	V	NC	1.090122954	395.6796117	13	GRANITES	0.8
232	b232	775843	1053609	60	87	V	CP	1.072851668	81.84946903	9.2	VOLCANO-SEDIM. SCHISTS	2
233	b233	775217	1055757	70	96	V	CB2P	1.090122954	334.4676923	10.8	GNEISS-MIGMATITES	2
234	b234	774008	1051222	60	87	K	CP	1.072851668	199.8604027	6.4	GNEISS-MIGMATITES	3
235	b235	777048	1053922	70	96	V	CB2P	1.090122954		6.7	GNEISS-MIGMATITES	1
236	b236	779909	1080347	60	87	V	CP	1.072851668	186.2805405	5.9	GRANITES	0.9
237	b237	750348	1046402	70	96	V	CB2P	1.090122954		8.9	GRANITES	0.7
238	b238	748690	1079390	60	87	V	CP	1.072851668	332.5445783	10.2	GRANITES	9
239	b239	785844	1050875	70	96	V	CB2P	1.090122954	302.3283856	0	GRANITES	0
240	b240	777836	1057377	60	87	W	NC	1.072851668	275.4604045	6.5	GRANITES	1
241	b241	772281	1057337	70	96	V	CB2P	1.090122954	348.5924233	9.2	GRANITES	1
242	b242	769019	1051498	50	66	V	CP	0.930232558	309.0266667	9.8	VOLCANO-SEDIM. SCHISTS	1.9
243	b243	762364	1058310	50	642	V	NC	1.21816215	107.712	3.4	VOLCANO-SEDIM. SCHISTS	1
244	b244	755132	1062138	50	415	C	NC	1.18930249	723.2689655	22.7	GRANITES	1
245	b245	751669	1063754	50	642	U	NC	1.21816215	175.23	5.9	VOLCANO-SEDIM. SCHISTS	10
246	b246	774964	1080470	40	177	V	NC	1.358284212	0	0	VOLCANO-SEDIM. SCHISTS	1.2
247	b247	743108	1064444	50	53	W	EC	0.56034877	309.3913907	9.9	VOLCANO-SEDIM. SCHISTS	1
248	b248	742109	1056386	50	126	U	NC	0.897913373	0	0	VOLCANO-SEDIM. SCHISTS	0
249	b249	759426	1048897	40	177	V	NC	1.358284212	306.2162162	10	GEOSYN. GRANITES	10
250	b250	755421	1041415	90	62	U	CB2P	1.140494808	207.4285714	6.6	VOLCANO-SEDIM. SCHISTS	1
251	b251	744474	1085027	50	126	K	CP	0.897913373	415.6868571	13.2	VOLCANO-SEDIM. SCHISTS	4.5
252	b252	792785	1085230	20	41	W	NC	1.172762466	0	0	VOLCANO-SEDIM. SCHISTS	1
253	b253	788410	1068940	80	47	C	CP	0.722151606	0	0	VOLCANO-SEDIM. SCHISTS	1
254	b254	789971	1061197	30	25	V	CP	1.414213562	0	0	VOLCANO-SEDIM. SCHISTS	2
255	b255	766015	1051626	70	135	V	CP	0.178086152	142.0408163	4.8	GRANITES	1
256	b256	776950	1055432	40	142	V	CP	0.488003272	452.9032258	7.8	GRANITES	0.2
257	b257	774807	1081364	50	417	K	CP	0.06104519	194.5330189	5.9	GRANITES	3
258	b258	776908	1081379	40	142	C	NC	0.488003272		0	GRANITES	0
259	b259	757397	1037998	20	33	V	NC	1.114228867	203.28	6.8	GRANITES	0.4
260	b260	769417	1037633	80	47	V	NC	0.722151606	63.56682028	2	GRANITES	0.3
261	b261	777166	1046337	30	25	K	CP	1.414213562	172.48	5.6	VOLCANO-SEDIM. SCHISTS	4.1
262	b262	767101	1046564	50	392	W	EC	0.50868396	136.9883721	5.1	VOLCANO-SEDIM. SCHISTS	1
263	b263	764835	1048486	40	253	C	NC	1.285648693	161.0465347	5.3	VOLCANO-SEDIM. SCHISTS	5
264	b264	761398	1046077	50	392	C	NC	0.50868396	387.8560411	12	VOLCANO-SEDIM. SCHISTS	0.5
265	b265	759393	1053668	40	253	W	NC	1.285648693	48.05474453	1.5	GRANITES	2.1
266	b266	755196	1052596	40	84	V	CP	1.245854805		5.8	GRANITES	10.8
267	b267	762777	1063681	100	413	U	NC	0.085606148	162.2623318	5.1	VOLCANO-SEDIM. SCHISTS	5.1
268	b268	770716	1066123	70	176	V	CP	0.409800521	64.08	2	GNEISS-MIGMATITES	2.6
269	b269	789971	1061197	40	84	V	CP	1.245854805	161.315534	5.3	GRANITES	5
270	b270	766015	1051626	100	413	C	CP	0.085606148	161.7942857	5.2	GNEISS-MIGMATITES	3
271	b271	776950	1055432	70	176	V	CP	0.409800521	1489.147706	48.7	GRANITES	1
272	b272	750028	1103404					0.733994894	85.26774194	2.7	GRANITES	0.7
273	b273	796335	1112851					1.058189267	260.4	8.4	GRANITES	0.5
274	b274	776645	1116571	110	84	W	EC	1.7852569	166.6097561	5.4	VOLCANO-SEDIM. SCHISTS	14
275	b275	770261	1127259	100	413	W	NC	0.52639	322.8076923	10.5	GRANITES	1.1
276	b276	790838	1093058	50	384	U	EC	0.935443346	185.02	5.8	GNEISS-MIGMATITES	0
277	b277	790618	1092974	40	108	V	CP	1.204700442	304.9340426	10.1	GNEISS-MIGMATITES	6
278	b278	790594	1092865	70	43	V	EC	1.348436187	0	0	GNEISS-MIGMATITES	0
279	b279	790194	1093026	40	121	W	EC	0.385694608	313.1847134	10	VOLCANO-SEDIM. SCHISTS	3
280	b280	751669	1063754	50	642	U	EC	1.21816215	175.23	5.7	VOLCANO-SEDIM. SCHISTS	13
281	b281	751669	1063754	50	642	U	EC	1.31816215	553.9529032	17.7	GRANITES	1.2
282	b282	790194	1093026	40	121	W	EC	0.385694608		6.2	GNEISS-MIGMATITES	0.9
283	b283	774807	1081364	40	30	V	NC	0.2589663	250.1492958	7.8	GRANITES	0.4
284	b284	776908	1081379	60	78	C	NC	0.3658996	0	0	GRANITES	0
285	b285	757397	1037998	80	115	C	NC	0.23698574	124.3478261	4	GRANITES	0.3
286	b286	769417	1037633	50	45	V	PC	0.3698745	468.4228188	15	GNEISS-MIGMATITES	3.6
287	b287	777166	1046337	50	79	V	NC	0.50276326	0	0	GRANITES	0
288	b288	769417	1037633	60	89	V	NC	0.63565202	0	0	GRANITES	0
289	b289	777166	1046337	50	100	V	NC	0.76854078	419.7243243	13	GRANITES	3.4
290	b290	779649	1116147	50	159	U	NC	0.756026118	122.6590164	3.8	GEOSYN. GRANITES	3
291	b291	778773	1052761	40	60	W	CB2P	0.047140452	141.68	4.4	GNEISS-MIGMATITES	2.4
292	b292	774964	1080470	30	25	K	CP	0.085606148	377.5693878	12.1	VOLCANO-SEDIM. SCHISTS	2.4
293	b293	759426	1048897	50	392	W	EC	0.50868396	252.7530612	8.1	GRANITES	10.8
294	b294	743108	1064444	40	253	C	NC	0.50868396	268.5774194	8.7	VOLCANO-SEDIM. SCHISTS	8
295	b295	790496	1175071	50	259	W	CP	0.212951077	435.6054422	10.1	VOLCANO-SEDIM. SCHISTS	8.4
296	b296	773470	1059889	50	392	W	EC	1.025691	362.9075034	2.9	GRANITES	2
297	b297	775487	1054834	100	413	U	NC	0.99985		9.1	GRANITES	1.2
298	b298	783677	1094704	50	392	W	EC	1.1256358	181.1654378	5.7	GRANITES	1.1
299	b299	776217	1161953	100	413	U	NC	0.058965	178.64	5.8	GRANITES	1.5
300	b300	748669	1136769	50	392	W	EC	1.256362	316.9534884	11.8	GRANITES	2
301	b301	778287	1095277	100	413	U	NC	1.102569	6.757425743	6.5	GRANITES	1
302	b302	776515	1051845	50	392	W	EC	1.084462639	358.766838	11.1	VOLCANO-SEDIM. SCHISTS	2.3
303	b303	764749	1110889	30	46	W	CP	1.084462639	36.7810219	10	VOLCANO-SEDIM. SCHISTS	1.6
304	b304	769417	1037633	30	56	V	CP	0.25896	191.0308219	24.2	GRANITES	1.5
305	b305	788410	1068940	50	392	W	EC	0.50868396	238.6210762	7.5	VOLCANO-SEDIM. SCHISTS	9
306	b306	766096	1134857	70	225.905	V	EC	1.457228152	634	14.7	VOLCANO-SEDIM. SCHISTS	2
307	b307	741220	1132591	70	139.782	U	EC	0.967130845	435	14.7	VOLCANO-SEDIM. SCHISTS	2
308	b308	770409	1158750	50	44.864	V	CP	5.563805585	720	12.4	GEOSYN. GRANITES	1
309	b309	758899	1049812	90	30.4895	V	EC	5.666451174	699	21.2	GEOSYN. GRANITES	1
310	b310	742530	1116498	60	31.655	V	EC	6.034281525	13	0	GRANITES	0
311	b311	746614	1089390	40	57.9175	V	NC	2.088667464	254.1	8.5	GRANITES	3
312	b312	760253	1113640	50	115.96	V	EC	2.365515849	689.7	21.7	GRANITES	1
313	b313	795909	1156275	30	306.798	V	NC	0.949436307	369.6	12	GEOSYN. GRANITES	1.9
314	b314	794621	1131207	40	43.4655	C	NC	1.526676538	115.5	4.3	GRANITES	1
315	b315	794430	1118080	50	310.282	U	EC	0.606956045	306.9	10.1	GRANITES	1.3
316	b316	808349	1086127	30	121.212	U	NC	0.421602557	1257.3	38.9	GRANITES	1
317	b317	781455	1070104	50	212.38	K	CB2P	0.355261892	877.8	27.4	GRANITES	1
318	b318	750193	1075846	50	154.364	C	CB2P	0.687731882	455.4	14.6	VOLCANO-SEDIM. SCHISTS	2
319	b319	774597	1045150	90	77.11	W	EC	3.48511432	709.5	22.3	GRANITES	3.6
320	b320	764855	1064466	70	85.27	U	EC	2.902908078	881.1	27.5	GRANITES	1
321	b321	784263	1151405	60	90.021	U	EC	0.978767867	313.5	10.3	GRANITES	1.1
322	b322	757473	1038769	60	35.1515	U	EC	2.055019785	435.6	14	VOLCANO-SEDIM. SCHISTS	32.2
323	b323	748854	1051386	70	33.676	W	EC	3.362543687	333.3	10.9	VOLCANO-SEDIM. SCHISTS	10
324	b324	750255	1066603	80	47.195	V	EC	1.897931981	587.4	18.6	GRANITES	1
325	b325	788340	1033768	110	39.425	W	EC	8.971466448	409.2	13.2	GRANITES	6.1
326	b326	807067	1060163	30	50.6915	V	NC	1.122762076	379.5	12.3	GEOSYN. GRANITES	10.8
327	b327	780824	1113646	80	32.432	W	EC	7.866761031	359.7	11.7	GRANITES	9
328	b328	740699	1104707	30	42.533	V	NC	1.120347581	765.6	24	GRANITES	1.2
329	b329	741187	1076085	40	147.879	U	EC	0.992627514	283.8	9.4	GRANITES	3
330	b330	734699	1057557	60	563.9	V	EC	1.161866464	369.6	12	GEOSYN. GRANITES	1.1
331	b331	740750	1050439	40	58.073	U	NC	2.46904142	491.7	15.7	GRANITES	1
332	b332	747116	1041534	70	161.855	W	EC	2.213558428	874.5	27.3	GRANITES	1
333	b333	753185	1032330	20	545.454	V	NC	0.475428183	485.1	15.5	GRANITES	1.8
334	b334	772751	1027989	30	77.885	V	NC	1.059482953	283.23	0	GRANITES	0
335	b335	784518	1022108	110	53.7995	W	EC	8.116092623	910.8	28.4	VOLCANO-SEDIM. SCHISTS	13
336	b336	743584	1029883	80	116.35	V	EC	3.324404277	504.9	16.1	GNEISS-MIGMATITES	2
337	b337	731219	1037261	40	233.1	V	EC	0.904132011	429	13.8	GEOSYN. GRANITES	1
338	b338	796426	1113175	40	139.66	V	NC	1.483263849	465.3	14.9	VOLCANO-SEDIM. SCHISTS	3.3
339	b339	757219	1142992	50	191.272	V	EC	0.847610512	316.8	10.4	VOLCANO-SEDIM. SCHISTS	3.5
340	b340	774803	1155057	110	863.05	W	EC	2.743865166	310.2	10.2	GRANITES	3
341	b341	788134	1136970	40	619.05	K	EC	1.235799116	1194.6	37	GRANITES	1
342	b342	768626	1058976	80	888.7	U	EC	1.52333322	1181.4	36.6	GRANITES	2
343	b343	752933	1024873	70	166.855	W	EC	2.213558428	1062.6	33	GRANITES	1.7
344	b344	773707	1020241	110	259.625	K	EC	2.707146767	458.7	14.7	VOLCANO-SEDIM. SCHISTS	2
345	b345	781669	1041772	130	848.65	W	EC	2.569675773	458.7	14.7	VOLCANO-SEDIM. SCHISTS	2
346	b346	788704	1065089	60	299.72	V	EC	3.373098765	382.8	12.4	GRANITES	1
347	b347	793648	1085709	60	640.8	V	EC	1.974138175	673.2	21.2	GRANITES	1.1
348	b348	785248	1085047	50	34.297	C	CP	2.978480109	26.4	0	GRANITES	0
349	b349	774778	1080195	70	41.756	V	EC	5.9734909	254.1	8.5	GRANITES	3
350	b350	764606	1075350	100	30.101	W	CP	10.60445189	689.7	21.7	GRANITES	1
351	b351	754920	1086912	70	41.756	V	EC	5.9734909	369.6	12	GEOSYN. GRANITES	1.9
352	b352	766872	1094154	50	50.303	V	EC	2.506385533	115.5	4.3	GRANITES	1
353	b353	774222	1114191	70	40.0465	V	EC	6.242991842	10.5	10.1	VOLCANO-SEDIM. SCHISTS	1.3
354	b354	776482	1132104	70	39.5805	W	EC	4.193412414	1257.3	38.9	GRANITES	1
355	b355	766018	1128445	70	65.2215	C	CB2P	1.588336967	100.78	27.4	GRANITES	1
356	b356	753505	1117617	30	69.2307	V	NC	0.627203298	115.25	14.6	VOLCANO-SEDIM. SCHISTS	2
357	b357	754227	1100326	50	265.734	C	CP	0.656700853	709.5	22.3	GRANITES	3.6
358	b358	735616	1102288	50	44.864	W	EC	1.519871966	1	27.5	GRANITES	1.3
359	b359	770648	1051385	60	52.2455	W	EC	1.885884185	313.5	10.3	GRANITES	1
360	b360	767955	1050173	40	103.525	V	NC	2.2821923	435.6	14	VOLCANO-SEDIM. SCHISTS	32.2
361	b361	765563	1048665	60	375.09	K	NC	1.355992226	333.3	10.9	VOLCANO-SEDIM. SCHISTS	10
362	b362	762543	1051328	40	252.121	V	NC	0.870241998	587.4	18.6	GRANITES	1.9
363	b363	761287	1059372	120	52.634	W	EC	7.12217228	409.2	13.2	GRANITES	6.1
364	b364	759449	1064727	70	46.418	V	EC	5.18311251	379.5	12.3	GEOSYN. GRANITES	10.8
365	b365	776551	1065147	70	41.756	K	EC	5.821756488	359.7	11.7	GRANITES	9
366	b366	779259	1064272	90	168.8233085	V	NC	0.778614076	765.6	24	GRANITES	1
367	b367	781525	1041920	90	124.3047364	V	NC	0.533565422	283.8	9.4	GRANITES	3
368	b368	776414	1042778	50	100.43836	U	EC	2.831902793	369.6	12	GEOSYN. GRANITES	1
369	b369	764262	1019431	130	120.08	V	NC	2.883225587	491.7	15.7	GRANITES	1
370	b370	760338	1022089	70	80.64103	W	EC	3.067140762	874.5	27.3	GRANITES	1
371	b371	758933	1052497	30	81.26556	V	NC	1.094333732	485.1	15.5	GRANITES	1.8
372	b372	756469	1061724	50	81.35342	V	NC	1.232757924	20.13	0	GRANITES	0
373	b373	765563	1048665	10	268.3041335	V	NC	0.524718154	910.8	28.4	VOLCANO-SEDIM. SCHISTS	13
374	b374	762265	1048046	30	335.4464578	C	CB2P	0.813338269	504.9	16.1	GNEISS-MIGMATITES	2
375	b375	780084	1113491	50	78.12221315	V	NC	0.353478023	429	13.8	GEOSYN. GRANITES	1.7
376	b376	778691	1153298	10	52.6870743	V	NC	0.260801279	465.3	14.9	VOLCANO-SEDIM. SCHISTS	3.3
377	b377	783521	1149758	50	80.57376724	V	NC	0.227630946	316.8	10.4	VOLCANO-SEDIM. SCHISTS	3.5
378	b378	784409	1151257	50	101.3312036	C	CB2P	0.393865941	310.2	10.2	GRANITES	3
379	b379	787107	1151577	130	92.03	W	EC	1.79255716	1194.6	37	GRANITES	1
380	b380	780462	1156892	90	148.205	V	EC	1.501454039	1181.4	36.6	GRANITES	2
381	b381	778062	1156872	70	118.2911217	V	EC	0.539383933	1062.6	33	GRANITES	1.7
382	b382	776305	1151489	70	46.0184	K	EC	1.077509893	396	12.8	GRANITES	8.4
383	b383	786236	1147991	90	78.16	V	EC	1.731271843	603.9	19.1	GRANITES	1.2
384	b384	789217	1150401	110	86.15781979	V	EC	0.998965991	405.9	13.1	GRANITES	9.9
385	b385	776305	1151489	170	135.04	W	EC	4.535733224	485.1	15.5	GEOSYN. GRANITES	1.6
386	b386	769923	1161878	10	126.2222035	W	EC	0.611381038	531.3	16.9	GEOSYN. GRANITES	1.2
387	b387	768180	1074182	110	80.3876	V	EC	3.983380515	6.6	1	GRANITES	0
388	b388	759997	1083369	10	126.2904152	C	CP	0.610173791	1329.9	41.1	GRANITES	1.1
389	b389	757870	1086634	30	114.0186129	V	EC	0.546313757	544.5	17.3	GRANITES	1.2
390	b390	747427	1075231	70	134.5323157	V	EC	0.630933232	293.7	9.7	GEOSYN. GRANITES	1
391	b391	745042	1072234	30	149.293	V	NC	1.28452071	452.1	14.5	GEOSYN. GRANITES	3.6
392	b392	791804	1109706	90	222.797	K	NC	1.156779214	452.1	14.5	GEOSYN. GRANITES	10
393	b393	763251	1154519	10	261.5580034	V	NC	0.287714091	1065.9	33.1	VOLCANO-SEDIM. SCHISTS	2
394	b394	773891	1135812	10	227.2944095	V	EC	0.579741476	564.3	17.9	GRANITES	2
395	b395	770201	1067188	170	80.27179	W	EC	4.108046311	973.5	30.3	GRANITES	1.8
396	b396	757881	1067102	110	81.21094	K	EC	1.712202138	666.6	21	GRANITES	1.2
397	b397	755487	1065594	30	195.0526432	V	EC	0.502066006	422.4	13.6	GRANITES	8
398	b398	767760	1113397	30	538.4152597	V	NC	0.791631925	13.54	0	GRANITES	4
399	b399	797239	1105873	50	151.0427982	V	EC	0.473805256	1112.1	34.5	GRANITES	4.4
400	b400	802341	1106214	170	718.005	V	EC	1.421932583	343.2	11.2	GEOSYN. GRANITES	2.7
401	b401	778299	1109301	30	1857.172643	V	EC	0.667899558	1953.6	60	GRANITES	8
402	b402	768426	1104753	110	169.8056871	V	EC	0.81166661	382.8	12.4	GRANITES	1.1
403	b403	790490	1086430	90	222.797	W	EC	1.156779214	419.1	13.5	GEOSYN. GRANITES	8
404	b404	775917	1106599	170	81.97997	K	EC	1.403573383	706.2	22.2	GEOSYN. GRANITES	1.2
405	b405	763055	1140799	210	547.775	W	EC	1.334837886	1095.6	34	GRANITES	2.5
406	b406	761622	1131842	70	662.69	V	EC	1.736549382	498.3	15.9	GEOSYN. GRANITES	2
407	b407	793026	1107330	70	103.26	V	EC	1.037069087	257.4	8.6	GEOSYN. GRANITES	1
408	b408	790801	1122525	50	158.25	C	CP	1.539240055	699.6	22	GRANITES	1.5
409	b409	764786	1109796	90	80.55556	V	EC	3.03674545	171.6	6	GRANITES	0
410	b410	799813	1085311	150	57.43725	W	EC	5.352225947	313.5	10.3	GRANITES	2.4
411	b411	764455	1024168	80	60.018	C	EC	1.826	402.13	45.2	GNEISS-MIGMATITES	8.7
412	b412	758901	1049812	50	87.34	V	NC	1.303192766	402.6	13	GRANITES	10
413	b413	766813	1036149	90	158.23	W	EC	3.171495921	465.3	14.9	GEOSYN. GRANITES	1.2
414	b414	789336	1080157	90	67.10565	V	EC	2.146706207	382.8	12.4	GRANITES	5
415	b415	764811	1064466	90	176.4793025	V	EC	0.844168483	584.1	18.5	GEOSYN. GRANITES	1.3
416	b416	785828	1106079	10	41.95399445	V	NC	0.363601649	148.5	5.3	GEOSYN. GRANITES	5
417	b417	788376	1125189	50	167.5676203	V	EC	0.378350426	2164.8	66.4	VOLCANO-SEDIM. SCHISTS	3
418	b418	743104	1039272	50	169.1866365	V	NC	0.809935983	15.25	0	GRANITES	0
419	b419	742329	1066700	70	204.384056	C	NC	0.992942093	80.23	0	GRANITES	0
420	b420	793255	1050364	30	81.19708	U	EC	1.19109615	18.23	0	GRANITES	0
421	b421	773955	1088093	70	599.3227999	U	NC	0.727996113	567.6	18	GEOSYN. GRANITES	10
422	b422	768183	1054981	30	104.8967757	K	CB2P	0.485120999	633.6	20	GEOSYN. GRANITES	1.2
423	b423	780323	1156741	190	80.55118	W	CB2P	3.61108614	739.2	23.2	VOLCANO-SEDIM. SCHISTS	1
424	b424	758411	1098298	90	95.175	W	EC	2.641556255	237.6	8	GRANITES	2
425	b425	792197	1097168	90	80.46512	W	EC	2.960878244	848.1	26.5	GRANITES	1
426	b426	780534	1149396	70	198.23	C	CB2P	1.023	471.9	15.1	GEOSYN. GRANITES	8
427	b427	796244	1176249	100	231.05	W	EC	1.31	567.6	18	GEOSYN. GRANITES	10
428	b428	760533	1168876	110	139.24	V	NC	0.823	339.9	11.1	GRANITES	2
429	b429	769167	1125933	120	168.36	V	NC	0.623	528	16.8	GRANITES	5
430	b430	755256	1131452	100	158.26	V	NC	0.523	551.1	17.5	GRANITES	10
431	b431	780534	1149396	40	85.1225	V	NC	3.03674545	633.6	20	GEOSYN. GRANITES	2.5
